{
  "42____baselines____all": {
    "_raw": {
      "pool": {
        "strict": [
          0.0,
          0.3333333333333333,
          0.3333333333333333,
          0.2,
          0.16666666666666666,
          0.0,
          0.3333333333333333,
          0.0,
          0.2,
          0.3333333333333333,
          0.5,
          0.25,
          0.2,
          0.5,
          0.0,
          0.0,
          0.3333333333333333,
          0.6666666666666666,
          0.6666666666666666,
          0.0
        ],
        "relaxed": [
          0.5,
          1.0,
          0.3333333333333333,
          0.2,
          0.16666666666666666,
          0.0,
          0.3333333333333333,
          0.0,
          0.8,
          1.0,
          0.5,
          0.25,
          0.2,
          0.5,
          0.3333333333333333,
          0.5,
          0.3333333333333333,
          0.6666666666666666,
          1.0,
          0.0
        ],
        "strict_prec": [
          0.0,
          0.06666666666666667,
          0.03333333333333333,
          0.03333333333333333,
          0.03333333333333333,
          0.0,
          0.03333333333333333,
          0.0,
          0.03333333333333333,
          0.06666666666666667,
          0.06666666666666667,
          0.03333333333333333,
          0.03333333333333333,
          0.03333333333333333,
          0.0,
          0.0,
          0.03333333333333333,
          0.06666666666666667,
          0.06666666666666667,
          0.0
        ],
        "relaxed_prec": [
          0.1,
          0.16666666666666666,
          0.06666666666666667,
          0.03333333333333333,
          0.16666666666666666,
          0.0,
          0.13333333333333333,
          0.0,
          0.16666666666666666,
          0.16666666666666666,
          0.16666666666666666,
          0.06666666666666667,
          0.1,
          0.03333333333333333,
          0.13333333333333333,
          0.03333333333333333,
          0.1,
          0.13333333333333333,
          0.16666666666666666,
          0.0
        ],
        "strict_f1": [
          0.0,
          0.1111111111111111,
          0.0606060606060606,
          0.05714285714285715,
          0.05555555555555555,
          0.0,
          0.0606060606060606,
          0.0,
          0.05714285714285715,
          0.1111111111111111,
          0.11764705882352941,
          0.058823529411764705,
          0.05714285714285715,
          0.0625,
          0.0,
          0.0,
          0.0606060606060606,
          0.1212121212121212,
          0.1212121212121212,
          0.0
        ],
        "relaxed_f1": [
          0.16666666666666669,
          0.2857142857142857,
          0.1111111111111111,
          0.05714285714285715,
          0.16666666666666666,
          0.0,
          0.19047619047619044,
          0.0,
          0.27586206896551724,
          0.2857142857142857,
          0.25,
          0.10526315789473685,
          0.13333333333333333,
          0.0625,
          0.19047619047619044,
          0.0625,
          0.15384615384615383,
          0.2222222222222222,
          0.2857142857142857,
          0.0
        ]
      },
      "sent": {
        "strict": [
          0.75,
          0.0,
          0.0,
          0.2,
          0.16666666666666666,
          0.3333333333333333,
          0.3333333333333333,
          0.0,
          0.2,
          0.3333333333333333,
          0.5,
          0.25,
          0.4,
          0.5,
          0.0,
          0.0,
          0.3333333333333333,
          0.6666666666666666,
          0.6666666666666666,
          0.0
        ],
        "relaxed": [
          1.0,
          1.0,
          0.3333333333333333,
          0.2,
          0.3333333333333333,
          0.6666666666666666,
          0.3333333333333333,
          0.0,
          0.8,
          1.0,
          0.75,
          0.25,
          0.4,
          0.5,
          0.3333333333333333,
          1.0,
          0.3333333333333333,
          0.6666666666666666,
          1.0,
          0.0
        ],
        "strict_prec": [
          0.1,
          0.0,
          0.0,
          0.03333333333333333,
          0.03333333333333333,
          0.03333333333333333,
          0.03333333333333333,
          0.0,
          0.03333333333333333,
          0.06666666666666667,
          0.06666666666666667,
          0.03333333333333333,
          0.06666666666666667,
          0.03333333333333333,
          0.0,
          0.0,
          0.03333333333333333,
          0.06666666666666667,
          0.06666666666666667,
          0.0
        ],
        "relaxed_prec": [
          0.16666666666666666,
          0.06666666666666667,
          0.06666666666666667,
          0.03333333333333333,
          0.2,
          0.03333333333333333,
          0.03333333333333333,
          0.0,
          0.06666666666666667,
          0.16666666666666666,
          0.3,
          0.06666666666666667,
          0.06666666666666667,
          0.06666666666666667,
          0.06666666666666667,
          0.13333333333333333,
          0.1,
          0.1,
          0.13333333333333333,
          0.0
        ],
        "strict_f1": [
          0.17647058823529416,
          0.0,
          0.0,
          0.05714285714285715,
          0.05555555555555555,
          0.0606060606060606,
          0.0606060606060606,
          0.0,
          0.05714285714285715,
          0.1111111111111111,
          0.11764705882352941,
          0.058823529411764705,
          0.1142857142857143,
          0.0625,
          0.0,
          0.0,
          0.0606060606060606,
          0.1212121212121212,
          0.1212121212121212,
          0.0
        ],
        "relaxed_f1": [
          0.2857142857142857,
          0.125,
          0.1111111111111111,
          0.05714285714285715,
          0.25,
          0.06349206349206349,
          0.0606060606060606,
          0.0,
          0.12307692307692308,
          0.2857142857142857,
          0.4285714285714285,
          0.10526315789473685,
          0.1142857142857143,
          0.11764705882352941,
          0.1111111111111111,
          0.23529411764705882,
          0.15384615384615383,
          0.1739130434782609,
          0.23529411764705882,
          0.0
        ]
      },
      "oracle": {
        "strict": [
          0.5,
          0.0,
          0.0,
          0.0,
          0.16666666666666666,
          0.0,
          0.3333333333333333,
          0.0,
          0.0,
          0.16666666666666666,
          0.25,
          0.25,
          0.2,
          0.5,
          0.0,
          0.0,
          0.3333333333333333,
          0.6666666666666666,
          0.3333333333333333,
          0.0
        ],
        "relaxed": [
          0.5,
          0.16666666666666666,
          0.3333333333333333,
          0.0,
          0.3333333333333333,
          0.0,
          0.3333333333333333,
          0.0,
          0.0,
          1.0,
          0.5,
          0.25,
          0.2,
          0.5,
          0.3333333333333333,
          0.5,
          0.3333333333333333,
          0.6666666666666666,
          1.0,
          0.0
        ],
        "strict_prec": [
          0.07407407407407407,
          0.0,
          0.0,
          0.0,
          0.038461538461538464,
          0.0,
          0.034482758620689655,
          0.0,
          0.0,
          0.041666666666666664,
          0.038461538461538464,
          0.03571428571428571,
          0.037037037037037035,
          0.034482758620689655,
          0.0,
          0.0,
          0.034482758620689655,
          0.07142857142857142,
          0.03571428571428571,
          0.0
        ],