{
  "42____baselines____all": {
    "_raw": {
      "pool": {
        "strict": [
          0.0,
          0.0,
          0.3333333333333333,
          0.2,
          0.0,
          0.0,
          0.3333333333333333,
          0.0,
          0.0,
          0.0,
          0.25,
          0.0,
          0.0,
          0.5,
          0.0,
          0.0,
          0.3333333333333333,
          0.6666666666666666,
          0.6666666666666666,
          0.0
        ],
        "relaxed": [
          0.5,
          1.0,
          0.3333333333333333,
          0.2,
          0.16666666666666666,
          0.0,
          0.3333333333333333,
          0.0,
          0.4,
          0.0,
          0.5,
          0.0,
          0.0,
          0.5,
          0.3333333333333333,
          0.5,
          0.3333333333333333,
          0.6666666666666666,
          1.0,
          0.0
        ],
        "strict_prec": [
          0.0,
          0.0,
          0.03333333333333333,
          0.03333333333333333,
          0.0,
          0.0,
          0.03333333333333333,
          0.0,
          0.0,
          0.0,
          0.03333333333333333,
          0.0,
          0.0,
          0.03333333333333333,
          0.0,
          0.0,
          0.03333333333333333,
          0.06666666666666667,
          0.06666666666666667,
          0.0
        ],
        "relaxed_prec": [
          0.03333333333333333,
          0.06666666666666667,
          0.06666666666666667,
          0.06666666666666667,
          0.06666666666666667,
          0.0,
          0.13333333333333333,
          0.0,
          0.03333333333333333,
          0.0,
          0.1,
          0.0,
          0.0,
          0.03333333333333333,
          0.1,
          0.1,
          0.1,
          0.13333333333333333,
          0.16666666666666666,
          0.0
        ],
        "strict_f1": [
          0.0,
          0.0,
          0.0606060606060606,
          0.05714285714285715,
          0.0,
          0.0,
          0.0606060606060606,
          0.0,
          0.0,
          0.0,
          0.058823529411764705,
          0.0,
          0.0,
          0.0625,
          0.0,
          0.0,
          0.0606060606060606,
          0.1212121212121212,
          0.1212121212121212,
          0.0
        ],
        "relaxed_f1": [
          0.0625,
          0.125,
          0.1111111111111111,
          0.1,
          0.09523809523809522,
          0.0,
          0.19047619047619044,
          0.0,
          0.06153846153846154,
          0.0,
          0.16666666666666669,
          0.0,
          0.0,
          0.0625,
          0.15384615384615383,
          0.16666666666666669,
          0.15384615384615383,
          0.2222222222222222,
          0.2857142857142857,
          0.0
        ]
      },
      "sent": {
        "strict": [
          0.25,
          0.0,
          0.0,
          0.2,
          0.16666666666666666,
          0.0,
          0.3333333333333333,
          0.0,
          0.2,
          0.16666666666666666,
          0.5,
          0.0,
          0.2,
          0.5,
          0.0,
          0.0,
          0.3333333333333333,
          0.6666666666666666,
          0.6666666666666666,
          0.0
        ],
        "relaxed": [
          1.0,
          1.0,
          0.3333333333333333,
          0.2,
          0.16666666666666666,
          1.0,
          0.3333333333333333,
          0.0,
          0.8,
          1.0,
          0.5,
          0.25,
          0.4,
          0.5,
          0.3333333333333333,
          1.0,
          0.3333333333333333,
          0.6666666666666666,
          1.0,
          0.0
        ],
        "strict_prec": [
          0.03333333333333333,
          0.0,
          0.0,
          0.03333333333333333,
          0.03333333333333333,
          0.0,
          0.03333333333333333,
          0.0,
          0.03333333333333333,
          0.03333333333333333,
          0.06666666666666667,
          0.0,
          0.03333333333333333,
          0.03333333333333333,
          0.0,
          0.0,
          0.03333333333333333,
          0.06666666666666667,
          0.06666666666666667,
          0.0
        ],
        "relaxed_prec": [
          0.1,
          0.03333333333333333,
          0.06666666666666667,
          0.06666666666666667,
          0.13333333333333333,
          0.03333333333333333,
          0.13333333333333333,
          0.0,
          0.1,
          0.03333333333333333,
          0.16666666666666666,
          0.03333333333333333,
          0.06666666666666667,
          0.03333333333333333,
          0.06666666666666667,
          0.13333333333333333,
          0.1,
          0.1,
          0.13333333333333333,
          0.0
        ],
        "strict_f1": [
          0.058823529411764705,
          0.0,
          0.0,
          0.05714285714285715,
          0.05555555555555555,
          0.0,
          0.0606060606060606,
          0.0,
          0.05714285714285715,
          0.05555555555555555,
          0.11764705882352941,
          0.0,
          0.05714285714285715,
          0.0625,
          0.0,
          0.0,
          0.0606060606060606,
          0.1212121212121212,
          0.1212121212121212,
          0.0
        ],
        "relaxed_f1": [
          0.18181818181818182,
          0.06451612903225806,
          0.1111111111111111,
          0.1,
          0.14814814814814814,
          0.06451612903225806,
          0.19047619047619044,
          0.0,
          0.1777777777777778,
          0.06451612903225806,
          0.25,
          0.058823529411764705,
          0.1142857142857143,
          0.0625,
          0.1111111111111111,
          0.23529411764705882,
          0.15384615384615383,
          0.1739130434782609,
          0.23529411764705882,
          0.0
        ]
      },
      "oracle": {
        "strict": [
          0.25,
          0.0,
          0.0,
          0.2,
          0.16666666666666666,
          0.0,
          0.3333333333333333,
          0.0,
          0.0,
          0.16666666666666666,
          0.25,
          0.0,
          0.0,
          0.5,
          0.0,
          0.0,
          0.3333333333333333,
          0.6666666666666666,
          0.3333333333333333,
          0.0
        ],
        "relaxed": [
          1.0,
          0.0,
          0.3333333333333333,
          0.2,
          0.16666666666666666,
          0.0,
          0.3333333333333333,
          0.0,
          0.0,
          1.0,
          0.5,
          0.25,
          0.2,
          0.5,
          0.3333333333333333,
          0.5,
          0.3333333333333333,
          0.6666666666666666,
          1.0,
          0.0
        ],
        "strict_prec": [
          0.038461538461538464,
          0.0,
          0.0,
          0.047619047619047616,
          0.034482758620689655,
          0.0,
          0.037037037037037035,
          0.0,
          0.0,
          0.041666666666666664,
          0.034482758620689655,
          0.0,
          0.0,
          0.03571428571428571,
          0.0,
          0.0,
          0.03333333333333333,
          0.06666666666666667,
          0.038461538461538464,
          0.0
        ],
        "relaxed_prec": [
          0.07692307692307693,
          0.0,
          0.03571428571428571,
          0.047619047619047616,
          0.13793103448275862,
          0.0,
          0.14814814814814814,
          0.0,
          0.0,
          0.041666666666666664,
          0.13793103448275862,
          0.037037037037037035,
          0.038461538461538464,
          0.03571428571428571,
          0.10714285714285714,
          0.06666666666666667,
          0.1,
          0.1,
          0.15384615384615385,
          0.0
        ],