{
  "42____baselines____all": {
    "_raw": {
      "pool": {
        "strict": [
          0.5,
          0.0,
          0.0,
          0.0,
          0.0,
          0.0,
          0.0,
          0.0,
          0.4,
          0.0,
          0.0,
          0.0,
          0.0,
          0.0,
          0.0,
          0.0,
          0.0,
          0.0,
          0.3333333333333333,
          0.0
        ],
        "relaxed": [
          0.5,
          0.16666666666666666,
          0.0,
          0.6,
          0.0,
          0.6666666666666666,
          0.0,
          0.0,
          0.8,
          0.0,
          0.25,
          0.0,
          0.0,
          0.0,
          0.3333333333333333,
          0.5,
          0.0,
          0.0,
          1.0,
          0.0
        ],
        "strict_prec": [
          0.06666666666666667,
          0.0,
          0.0,
          0.0,
          0.0,
          0.0,
          0.0,
          0.0,
          0.06666666666666667,
          0.0,
          0.0,
          0.0,
          0.0,
          0.0,
          0.0,
          0.0,
          0.0,
          0.0,
          0.03333333333333333,
          0.0
        ],
        "relaxed_prec": [
          0.06666666666666667,
          0.03333333333333333,
          0.0,
          0.06666666666666667,
          0.0,
          0.03333333333333333,
          0.0,
          0.0,
          0.2,
          0.0,
          0.03333333333333333,
          0.0,
          0.0,
          0.0,
          0.06666666666666667,
          0.03333333333333333,
          0.0,
          0.0,
          0.06666666666666667,
          0.0
        ],
        "strict_f1": [
          0.11764705882352941,
          0.0,
          0.0,
          0.0,
          0.0,
          0.0,
          0.0,
          0.0,
          0.1142857142857143,
          0.0,
          0.0,
          0.0,
          0.0,
          0.0,
          0.0,
          0.0,
          0.0,
          0.0,
          0.0606060606060606,
          0.0
        ],
        "relaxed_f1": [
          0.11764705882352941,
          0.05555555555555555,
          0.0,
          0.12000000000000001,
          0.0,
          0.06349206349206349,
          0.0,
          0.0,
          0.32000000000000006,
          0.0,
          0.058823529411764705,
          0.0,
          0.0,
          0.0,
          0.1111111111111111,
          0.0625,
          0.0,
          0.0,
          0.125,
          0.0
        ]
      },
      "sent": {
        "strict": [
          0.5,
          0.0,
          0.0,
          0.0,
          0.0,
          0.0,
          0.3333333333333333,
          0.0,
          0.2,
          0.0,
          0.0,
          0.0,
          0.0,
          0.0,
          0.0,
          0.5,
          0.0,
          0.3333333333333333,
          0.3333333333333333,
          0.0
        ],
        "relaxed": [
          0.5,
          1.0,
          0.0,
          0.0,
          0.0,
          0.0,
          0.3333333333333333,
          0.0,
          0.8,
          0.3333333333333333,
          0.5,
          0.0,
          0.0,
          1.0,
          0.3333333333333333,
          1.0,
          0.3333333333333333,
          1.0,
          1.0,
          0.0
        ],
        "strict_prec": [
          0.06666666666666667,
          0.0,
          0.0,
          0.0,
          0.0,
          0.0,
          0.03333333333333333,
          0.0,
          0.03333333333333333,
          0.0,
          0.0,
          0.0,
          0.0,
          0.0,
          0.0,
          0.03333333333333333,
          0.0,
          0.03333333333333333,
          0.03333333333333333,
          0.0
        ],
        "relaxed_prec": [
          0.13333333333333333,
          0.03333333333333333,
          0.0,
          0.0,
          0.0,
          0.0,
          0.03333333333333333,
          0.0,
          0.06666666666666667,
          0.03333333333333333,
          0.1,
          0.0,
          0.0,
          0.06666666666666667,
          0.1,
          0.16666666666666666,
          0.03333333333333333,
          0.06666666666666667,
          0.06666666666666667,
          0.0
        ],
        "strict_f1": [
          0.11764705882352941,
          0.0,
          0.0,
          0.0,
          0.0,
          0.0,
          0.0606060606060606,
          0.0,
          0.05714285714285715,
          0.0,
          0.0,
          0.0,
          0.0,
          0.0,
          0.0,
          0.0625,
          0.0,
          0.0606060606060606,
          0.0606060606060606,
          0.0
        ],
        "relaxed_f1": [
          0.2105263157894737,
          0.06451612903225806,
          0.0,
          0.0,
          0.0,
          0.0,
          0.0606060606060606,
          0.0,
          0.12307692307692308,
          0.0606060606060606,
          0.16666666666666669,
          0.0,
          0.0,
          0.125,
          0.15384615384615383,
          0.2857142857142857,
          0.0606060606060606,
          0.125,
          0.125,
          0.0
        ]
      },
      "oracle": {
        "strict": [
          0.5,
          0.0,
          0.0,
          0.0,
          0.0,
          0.0,
          0.3333333333333333,
          0.3333333333333333,
          0.0,
          0.0,
          0.0,
          0.0,
          0.0,
          0.0,
          0.0,
          0.5,
          0.0,
          0.3333333333333333,
          0.3333333333333333,
          0.0
        ],
        "relaxed": [
          0.5,
          0.0,
          0.0,
          0.0,
          0.0,
          0.0,
          0.3333333333333333,
          0.3333333333333333,
          0.2,
          0.0,
          0.5,
          0.0,
          0.0,
          1.0,
          0.3333333333333333,
          0.5,
          0.3333333333333333,
          0.3333333333333333,
          1.0,
          0.0
        ],
        "strict_prec": [
          0.08,
          0.0,
          0.0,
          0.0,
          0.0,
          0.0,
          0.038461538461538464,
          0.038461538461538464,
          0.0,
          0.0,
          0.0,
          0.0,
          0.0,
          0.0,
          0.0,
          0.037037037037037035,
          0.0,
          0.03571428571428571,
          0.037037037037037035,
          0.0
        ],
        "relaxed_prec": [
          0.12,
          0.0,
          0.0,
          0.0,
          0.0,
          0.0,
          0.038461538461538464,
          0.038461538461538464,
          0.037037037037037035,
          0.0,
          0.06896551724137931,
          0.0,
          0.0,
          0.06666666666666667,
          0.1111111111111111,
          0.037037037037037035,
          0.037037037037037035,
          0.03571428571428571,
          0.07407407407407407,
          0.0
        ],
        "strict_f1": [
          0.13793103448275865,
          0.0,
          0.0,
          0.0,
          0.0,
          0.0,
          0.06896551724137931,
          0.06896551724137931,
          0.0,
          0.0,
          0.0,
          0.0,
          0.0,
          0.0,
          0.0,
          0.06896551724137931,
          0.0,
          0.06451612903225806,
          0.06666666666666667,
          0.0
        ],
        "relaxed_f1": [
          0.1935483870967742,
          0.0,
          0.0,
          0.0,
          0.0,
          0.0,
          0.06896551724137931,
          0.06896551724137931,
          0.0625,
          0.0,
          0.1212121212121212,
          0.0,
          0.0,
          0.125,
          0.16666666666666666,
          0.06896551724137931,
          0.06666666666666667,
          0.06451612903225806,
          0.13793103448275862,
          0.0
        ]
      }
    }
  },
  "42__Ollama (qwen3:4b)__llm_simplify": {
    "seed": 42,
    "config": "Ollama (qwen3:4b)",
    "mode": "LLM rerank",
    "strict": 0.09333333333333332,
    "relaxed": 0.315,